,HMGA1,LIN28A,TERF1,ZFP42,ZSCAN10,HMGA2,SALL4,OTX2,ETV4,NR6A1,LIN28B,HES3,ZIC3,NANOG,ZNF93,FOXH1,MYCN,ZNF730,PRDM14,SOX11,label
169,1587.27,1044.94,662.1000000000001,126.73,83.93999999999998,111.35,112.41,177.75999999999996,34.46,80.75,117.38,126.61,116.01,69.33000000000001,71.73,62.34,51.11,45.06,47.76,41.36,1
339,1540.1799999999996,634.57,433.43,108.65,176.4,95.04000000000002,77.64,60.28,103.57,78.27,68.3,83.13,88.69,66.72,54.03,51.11,75.56,27.06,22.7,21.3,1
302,533.02,793.22,626.9200000000002,89.16999999999999,129.4,89.97999999999998,54.63,120.67999999999998,39.58,37.59,35.44,75.85,50.21,37.75,42.81,42.8,69.11,30.4,14.46,33.4,1
211,1594.1900000000005,875.67,551.73,121.75,124.02,128.75,82.71000000000002,87.90999999999998,104.45000000000002,97.54999999999998,96.77,52.48,37.87,82.76,74.95,45.27,49.29,48.83,19.6,36.43,1
212,2042.22,1054.12,995.06,138.62,134.69,94.38,131.21,169.79,42.0,83.16999999999999,86.71,116.0,107.63,64.4,73.61,84.16,55.1,40.33,90.62,29.92,1
204,1464.66,927.07,808.9200000000002,131.56,123.36,114.16,88.94,129.35,67.68,58.45,56.58,123.29,156.67,48.09,60.25,67.75,65.73,44.11,22.09,45.76,1
230,1787.38,949.99,773.34,135.54,124.56,114.32000000000002,101.0,99.81,77.25,110.88,85.76,97.18,138.81,76.66,70.26,65.92,56.96,51.9,40.43,32.69,1
117,1703.93,1068.41,967.38,151.68,123.07999999999998,102.72,119.53000000000002,126.27,59.3,88.74,105.58,100.41,116.18,41.98,64.55000000000001,71.16,65.36,51.36,43.36,45.05,1
336,2083.25,850.1700000000002,739.02,127.69,122.65999999999998,109.11,102.92,55.93,107.26999999999998,84.9,76.43,88.89,95.55,73.69,63.77,66.73,76.6,35.76000000000001,27.87,32.9,1
150,1455.11,722.61,555.1899999999998,122.27,96.57999999999998,155.15999999999997,65.16,39.32,130.69,82.93999999999998,100.63,94.17,64.22,178.41000000000003,53.35,68.41,47.25,34.28,26.19,49.78,1
197,1595.19,943.43,997.31,137.4,131.36,99.6,98.17,83.01999999999998,68.38,63.35,78.82,83.04,101.72,60.54,58.96,61.49,53.28,42.76,50.69,32.14,1
250,1680.7000000000005,832.35,352.67,155.75,94.9,49.24,82.12,165.39,25.34,41.95,34.26,120.68,54.13,41.05,57.2,59.1,43.58,30.440000000000005,24.59,18.1,1
80,1503.0,0.01,15.19,0.0,0.0,55.46,0.13,0.0,22.36,0.44,0.0,0.05,0.0,0.0,2.4,0.07,0.0,0.45,0.0,0.5,0
274,1698.29,791.52,558.04,100.1,101.45,104.83,94.17,113.95,47.99,62.07,83.42,63.58,68.27,71.57,63.55,49.55,57.79,36.14,29.43,44.19,1
306,1797.1600000000005,1065.69,612.24,130.27,97.49,154.93,99.3,228.34,58.78,103.63,78.25,129.2,49.95,22.82,58.96,55.6,64.71,53.6,30.28,59.23,1
312,1513.15,860.8399999999998,482.48000000000013,106.99,141.34,114.34999999999998,79.06,102.36,80.45,82.49,76.03,87.81,69.08,50.21000000000001,53.3,59.15,57.14,34.38999999999999,20.86,33.98,1
165,1869.64,1101.93,921.61,109.64,123.88,96.48999999999998,112.77,113.31,82.97999999999998,96.62000000000002,90.28,89.22,190.44,55.12000000000001,62.81,73.06,62.08,37.37000000000001,42.6,32.36,1
376,1432.7300000000002,626.15,478.85,111.81,115.23999999999998,86.78,62.99000000000001,45.14000000000001,119.63,53.25,73.28,160.45,66.32000000000001,140.1,51.01,53.32,52.24,27.930000000000003,31.72,22.65,1
101,1512.42,719.11,548.0699999999998,120.5,124.65,101.83,61.60999999999999,23.39,160.5,46.59,98.49,87.72,74.2,294.24,62.64,103.33,42.43,39.74,34.90000000000001,38.46,1
106,1823.47,788.49,871.4100000000002,87.53,88.23,94.05,66.55,13.63,123.18,83.56,62.68,30.43,50.4,68.36999999999999,45.36,44.77,31.77,30.04,14.37,14.18,1
307,1747.94,800.0699999999998,393.52,122.58,81.58,88.58000000000001,70.73,133.57000000000002,55.68,82.82999999999998,58.8,37.67,37.09,47.28,65.07,45.5,47.11,27.53,20.94,23.5,1
271,1966.34,817.47,529.75,77.28,97.12,73.23,83.79,21.969999999999995,144.31,45.00000000000001,52.74,48.83,72.21000000000002,185.88,48.7,77.43,33.5,28.590000000000003,18.28,8.38,1
17,273.4,0.01,15.95,0.0,0.0,5.96,0.12,0.03,2.66,0.07,0.01,0.13,0.0,0.0,2.63,0.05,0.0,0.26,0.0,0.25,0
399,1920.69,829.1800000000002,533.73,49.62,102.34,107.72,97.28,131.18,41.18,84.69,64.3,100.76,93.71,86.06,56.01,53.14,50.7,35.26,54.86,20.59,1
345,1507.91,729.75,624.04,117.26,114.7,117.45,55.54,12.749999999999998,145.65,54.25,64.6,69.13,54.04,185.04,49.27,65.4,39.29,47.42999999999999,27.97,35.84,1
352,1622.7,658.85,534.34,84.11,172.95999999999995,83.59,79.67000000000002,60.95,81.97999999999998,84.73,80.13,107.38,111.16,72.41,58.540000000000006,60.73,57.96,41.69,34.7,25.78,1
171,1598.12,819.66,611.3100000000002,112.33,154.92999999999995,82.22999999999998,61.95,18.58,168.95000000000005,33.78,69.35,92.89,69.15,221.64,55.8,111.82,43.32,42.22,40.99,29.77,1
87,421.8,0.02,19.15,0.11,0.03,7.12,0.44,0.04,1.09,0.18,0.02,0.14,0.06,0.04,0.83,0.26,0.04,0.16,0.1,0.01,0
228,1611.57,719.8399999999998,305.1,72.9,97.64,150.57,87.0,76.96,110.41,95.17,86.56,32.61,28.06,81.05000000000003,63.71000000000001,43.39,52.18,48.68,12.77,51.37,1
82,1008.0,0.03,15.59,0.0,0.0,27.52,0.03,0.0,24.26,0.25,0.0,0.0,0.0,0.0,5.94,0.06,0.0,0.83,0.0,0.26,0
314,1857.9,934.21,890.73,137.3,141.06,96.76000000000002,94.37,82.69000000000003,76.38,79.22,72.6,87.47,89.07000000000002,76.07,63.21,68.53999999999999,57.19,47.95,39.37,35.81,1
154,1731.4799999999998,644.31,685.0799999999998,157.01999999999995,182.51,96.31999999999998,79.63,52.8,98.57,71.59,60.46,57.57,49.0,92.17,51.97000000000001,33.52,93.43,25.12,25.4,19.79,1
292,1142.42,470.38,549.9599999999998,101.19,166.87,49.03000000000001,50.35,65.41,51.85000000000001,23.49,30.02,69.09,74.75,55.83,33.96,96.65,49.23,6.7799999999999985,51.34,14.82,1
181,1574.85,716.0,393.69,103.31,78.53000000000002,75.59,71.71000000000002,101.87,64.61,68.29999999999998,53.2,55.25,37.14,42.38,58.94,42.98,50.88,30.4,17.57,22.38,1
144,1618.35,759.29,709.4599999999998,128.14999999999998,140.44,141.31,83.89,52.0,102.74,112.7,75.6,32.32,40.93,57.02,56.19,32.07,61.04,38.86,17.700000000000006,29.86,1
366,1443.0700000000004,799.39,721.9900000000004,112.98,111.9,133.11999999999998,90.41,77.78999999999998,78.97999999999998,95.05,90.63,69.57,77.32,38.77,60.17,45.94,46.39,43.25,27.46,34.61,1
225,1453.2900000000004,740.16,611.6800000000002,117.62,122.42999999999998,80.88000000000002,66.99000000000001,23.47,135.70999999999998,40.06,93.21,97.55,69.24,256.96000000000004,65.86,94.32,39.83,35.04,39.95,28.07,1
8,524.3,0.0,16.53,0.0,0.02,11.97,0.05,0.0,12.67,0.28,0.0,0.0,0.0,0.0,1.54,0.14,0.0,0.28,0.0,0.23,0
239,1896.43,880.76,813.6899999999998,131.3,112.64,86.81999999999998,85.26,51.81,81.86,62.29,71.09,73.77,115.68,73.15,56.59,52.6,59.92,43.12,27.61,25.68,1
201,1601.02,1022.68,616.22,136.98000000000002,109.44,107.67,109.7,180.26,64.78999999999999,84.38999999999999,93.49,112.63,67.5,54.7,79.88,69.67,56.76,48.58,37.52,46.06,1
151,1812.52,617.0899999999998,655.81,66.03,162.78,87.74,78.13000000000002,79.92999999999998,90.07,59.09,52.77,64.41,108.37,87.28,6.7,50.01000000000001,58.81,21.19,42.12,16.76,1
286,1533.37,756.1099999999999,604.94,133.65,140.25,110.25,84.42999999999998,53.53999999999999,83.00999999999998,85.62,74.75,56.69,65.64,54.22000000000001,66.65,47.93,67.39,29.43,24.99,27.07,1
25,237.7,0.06,27.5,0.04,0.04,6.18,0.02,0.0,6.3,0.25,0.0,0.0,0.0,0.0,0.72,0.75,0.0,0.13,0.0,0.03,0
382,968.4,904.38,427.91,182.49,42.29999999999999,56.3,52.6,245.1,15.21,17.4,46.18,47.21,45.50999999999999,29.77,59.28,29.9,27.15,30.78,18.53,9.0,1
368,1784.76,935.4,664.4799999999998,116.29,102.3,144.60000000000005,136.03,210.61,34.17,125.51,103.75,89.29,70.11,50.13,58.25,47.36,55.48,39.34,40.82,53.85,1
59,1867.0,0.02,16.57,0.0,0.01,52.58,0.05,0.02,25.5,0.15,0.0,0.0,0.0,0.01,3.54,0.16,0.0,1.27,0.0,0.38,0
295,1543.4099999999994,776.0699999999998,721.3999999999999,123.97,116.0,107.45,84.06000000000002,49.72000000000001,80.19,82.03,84.3,61.6,78.01,55.26,57.0,53.09,66.79,26.33,32.300000000000004,16.97,1
372,1578.58,849.1700000000002,765.5400000000002,47.5,122.28000000000002,116.48,82.23999999999998,68.22,79.67999999999998,92.06000000000002,74.63,44.2,66.74000000000001,43.13,56.84,52.75,47.24,49.0,25.790000000000006,19.2,1
56,986.3,0.01,15.76,0.0,0.0,31.05,0.17,0.0,16.91,0.26,0.0,0.0,0.0,0.01,2.68,0.04,0.0,0.21,0.0,0.04,0
309,1851.46,1020.37,867.8100000000002,131.41,146.48,111.82999999999998,113.99,70.37,86.12,94.32,91.6,114.04,112.69,61.73,70.37,74.09,54.9,58.46,45.61,30.26,1
109,1530.62,672.16,761.56,130.03,125.12,124.44,71.62,76.61,55.17,71.28000000000002,63.03,44.29,41.33,74.6,66.28,58.32,50.39,32.95,23.02,22.52,1
394,1656.2099999999996,960.27,439.7000000000001,127.22,101.77,82.45,106.05,233.39,47.62000000000001,61.03,72.45,113.55,40.28,53.12000000000001,63.1,64.05,49.81,38.89,44.38,16.5,1
322,1568.7700000000002,900.86,872.2699999999999,156.92000000000004,117.21,119.88,104.29,64.72,89.33,73.86,95.37,79.72,161.62,68.99999999999999,75.26,57.61,62.67,36.14,38.38,27.67,1
232,1641.37,705.11,847.1800000000002,136.37,125.55,90.97,73.95,94.15,52.58000000000001,45.38,48.18,61.45,61.9,87.76,61.28999999999999,64.39,40.34,35.8,35.03,21.58,1
12,355.0,0.0,20.17,0.0,0.0,9.15,0.03,0.0,8.76,0.29,0.0,0.0,0.0,0.03,3.21,0.1,0.0,0.35,0.0,0.28,0
270,1525.4599999999996,942.25,377.86,105.77,88.28999999999998,112.29000000000002,121.37999999999998,199.64,41.40000000000001,77.07000000000002,75.81,100.2,118.07,15.65,57.92,48.92,45.58,52.83,19.540000000000006,37.5,1
241,1655.61,851.86,776.6400000000003,127.82,148.86,105.49,77.82000000000002,82.32,88.65,97.23,74.44,46.54,53.46,39.03,57.91,47.96,60.26,36.05,16.47,24.31,1
5,411.6,0.0,19.41,0.0,0.06,12.6,0.1,0.0,12.04,0.06,0.0,0.0,0.0,0.0,3.92,0.0,0.0,0.19,0.0,1.98,0
338,1585.6799999999996,889.4399999999998,854.6099999999999,141.38,143.13000000000005,132.97,95.41,124.65000000000002,70.26,95.7,93.59,77.23,61.9,86.77,74.09,51.31,50.88,52.34,31.33,39.31,1
202,1384.57,700.0999999999998,411.72,102.0,87.41000000000003,124.43,89.07000000000002,128.13,66.79,75.21,84.49,58.42,46.55,86.41,69.2,33.74,50.63,50.98,18.72,58.58,1
155,1627.29,505.45,391.02,107.19,124.07,152.95000000000005,76.3,80.07000000000002,113.64,109.68,58.76,46.32,21.2,52.47,57.02,54.82,51.22,42.72000000000001,13.86,29.22,1
234,1436.71,727.25,381.76,101.01,126.32,102.96,70.99000000000002,45.27,99.98,97.85,84.04,36.7,79.71000000000002,96.72,59.1,54.24,26.23,47.3,16.65,17.51,1
249,1704.04,1030.97,892.35,151.93,100.1,121.01000000000002,106.73,150.97000000000003,60.72,95.2,100.31,93.47,94.71,45.95,67.05,62.38,53.26,55.6,37.96,38.98,1
210,1605.6999999999996,736.34,823.45,151.05,150.54,90.69999999999996,107.85,137.40999999999997,43.97,45.290000000000006,64.57,77.05,157.55,97.55,51.88,79.14,69.86,19.62,118.91,19.02,1
341,1667.74,748.39,624.41,95.41,83.2,161.62999999999997,85.06,161.76000000000005,54.37000000000001,102.73000000000002,92.49,41.27,51.99,41.7,63.5,39.14,49.5,36.27,26.11,44.42,1
384,1715.1,654.9300000000002,456.27,97.17,108.45,57.67,57.12,27.09,80.35000000000002,49.84,50.12,40.11,48.2,52.34,51.28,38.66,55.07,28.38,19.96,12.9,1
346,1834.15,820.61,587.54,131.35,106.5,123.08999999999996,105.96,176.36999999999995,78.52999999999999,113.53,72.09,133.73,33.63,40.77,79.92,56.75,77.18,38.94000000000001,28.99,50.68,1
343,1752.31,1005.31,699.6800000000003,134.73,108.54,127.57,102.31,136.44000000000003,65.38,79.9,89.58,111.74,106.41,59.46,61.27,59.03,65.61,45.28,33.32,33.54,1
103,1796.48,603.57,497.83,96.13,162.27999999999997,124.68,50.65,22.17,162.82999999999996,63.96,59.97,115.94,51.24,158.79999999999995,45.67,70.62,56.77,18.9,39.83,26.91,1
76,1195.0,0.02,15.14,0.0,0.0,38.45,0.06,0.0,16.08,0.38,0.0,0.05,0.0,0.01,2.22,0.22,0.03,0.83,0.0,0.89,0
136,1665.2200000000007,850.28,942.96,164.1,118.54,122.0,96.51,99.31000000000002,63.55000000000001,96.35,100.2,38.6,60.14,55.43000000000001,70.27,46.73,43.77,43.71,30.49,26.8,1
36,260.3,0.0,22.89,0.0,0.0,3.17,0.26,0.0,7.05,0.18,0.0,0.0,0.0,0.0,2.23,0.13,0.08,0.04,0.0,0.01,0
313,1340.1599999999996,687.05,543.59,112.2,138.64,119.18999999999998,63.32,33.33,131.3,65.15,88.05,107.5,71.84,116.6,44.18,73.73,38.18,42.28,42.99,36.34,1
332,1357.84,598.87,600.1700000000002,80.08,167.9,84.11999999999998,70.94999999999997,33.57,87.27000000000002,57.4,36.87,40.32,17.07,89.99000000000002,59.64,54.92999999999999,35.56,39.42,16.93,14.31,1
400,1679.14,705.3100000000002,529.7800000000002,135.28,103.47,82.08,71.28,79.22999999999998,73.56,60.91,68.09,68.11,41.97,108.48,60.94,43.81,58.04,24.71,40.22,21.43,1
257,1550.54,853.59,712.5000000000001,114.8,83.15,137.42,112.07,186.98,35.35,78.25,95.98,89.35,68.28,77.05000000000003,69.94,52.7,50.87,47.12,34.07,19.48,1
217,1113.22,419.95,143.26999999999995,77.06,66.38000000000001,94.3,52.72,41.19000000000001,30.4,47.51,27.4,54.68,88.78,59.54,27.07,56.06,53.1,10.78,38.84,24.0,1
183,1798.4699999999998,891.8900000000001,531.3599999999999,133.78,102.65999999999998,135.49,86.59,97.49,79.64000000000001,96.26,82.82,87.65,55.16,43.28,63.7,61.2,60.71,47.11,28.19,33.54,1
333,1591.16,743.1,495.99,111.46,92.3,83.5,62.21,104.43,49.28,45.16,67.25,91.17,87.48,52.88999999999999,61.15,43.62,56.84,32.57,30.45,20.93,1
398,1916.22,887.97,667.8900000000001,64.15,107.21999999999998,131.48,85.57,102.02,83.83999999999997,109.06,84.72,117.5,65.99,54.01000000000001,58.19,54.92,75.3,47.1,46.58000000000001,38.94,1
224,2061.61,959.97,425.44,148.3,181.49,84.47000000000001,98.26,61.09,113.10000000000002,145.31,45.84,38.65,32.1,108.86,79.09,65.50999999999999,68.58,30.22,27.35,20.28,1
395,1783.4000000000005,488.68,304.85,33.61,134.49,100.25,44.58000000000001,24.200000000000006,148.64,94.54,38.34,31.47,15.5,38.37000000000001,18.69,30.78,53.32,34.29,10.24,21.4,1
429,1728.2900000000004,849.24,1053.4199999999996,179.44,179.76999999999995,101.8,98.64,47.90000000000001,117.58,82.27,114.14,41.52,52.05,101.85,85.93,48.04,83.56,39.57,48.3,22.01,1
402,2053.96,833.03,852.69,157.4,175.75,122.82999999999996,101.81999999999998,96.39,79.75,136.33,79.48,48.4,40.79,89.14,73.28999999999998,63.21,61.96,51.27,35.23999999999999,24.76,1
405,2050.29,865.23,710.7699999999999,197.43,238.27,83.81000000000002,90.16,33.64,129.76000000000002,53.51,73.79,59.71,73.33,111.32,56.43000000000001,84.11,105.04,17.16,44.84,16.84,1
377,2218.94,897.21,383.44000000000005,126.76,146.97,78.01,91.69,76.58000000000001,83.25000000000001,57.58,61.46,145.47,132.15,52.93,56.36,71.89,68.9,26.18,25.07,23.56,1
358,1564.7600000000002,831.76,558.6999999999998,120.22,122.7,84.85,88.92,101.82,71.00999999999998,54.48,46.11,107.01,77.33,35.37000000000001,62.37000000000001,60.43,57.18,48.65,29.42,28.86,1
410,1713.3599999999994,980.83,712.43,142.76,114.82,138.35,86.38999999999999,99.05,85.94,110.83,92.11,76.9,49.58,66.81,64.14,57.2,56.75,40.89000000000001,22.45,35.75,1
30,326.1,0.0,20.42,0.0,0.06,4.66,0.28,0.0,3.27,0.39,0.0,0.08,0.0,0.02,1.33,0.22,0.0,0.09,0.0,0.52,0
112,1749.53,801.94,637.19,94.01,125.9,115.29,71.46000000000002,37.3,89.68,96.59,58.75,37.02,47.17,54.23,52.79,34.53,49.73,39.38,18.94,23.14,1
200,1470.7099999999996,697.98,729.93,113.31,141.94000000000003,101.93,57.07999999999999,11.5,149.35,39.63,68.71,57.78,55.1,258.16,57.08,79.54,31.61,43.040000000000006,27.37,26.9,1
99,368.5,0.03,19.42,0.0,0.06,8.38,0.19,0.0,1.85,0.39,0.0,0.0,0.0,0.01,0.91,0.17,0.06,0.22,0.0,0.12,0
60,874.6,0.02,15.35,0.0,0.03,17.8,0.72,0.0,9.3,0.36,0.0,0.0,0.0,0.06,2.0,0.44,0.02,0.26,0.0,0.07,0
219,491.57,843.21,562.2699999999999,78.82,111.19999999999996,89.40999999999998,57.81,138.46,30.95,32.12,34.67,83.35,47.7,32.5,37.8,40.5,56.9,33.2,16.71,36.84,1
43,483.8,0.01,17.64,0.0,0.05,15.22,0.06,0.0,12.35,0.3,0.0,0.0,0.0,0.01,4.07,0.21,0.03,0.95,0.0,0.52,0
247,1680.7100000000007,882.3799999999999,792.2500000000001,136.05,125.85,114.63,84.35000000000002,48.98,91.29,69.99,75.53,51.82,73.42,77.78,72.13000000000002,55.42,48.12,18.630000000000006,34.47,22.23,1
160,1866.05,877.76,819.92,104.11,89.39,115.44,97.47999999999998,144.11,49.39999999999999,63.31,73.92,80.17,65.88,53.79999999999999,57.25,51.18000000000001,47.62,31.88,50.24,46.11,1
251,1571.52,845.4000000000002,693.7500000000001,161.38,113.87,126.14,85.6,89.32,84.05,112.0,95.29,72.1,59.88,38.32,66.16,47.33,58.97,49.37000000000001,17.7,37.66,1
162,1618.94,825.58,658.6199999999999,129.39,101.03,120.86,78.89,80.35000000000002,85.47,75.61999999999998,74.16,38.81,43.2,33.309999999999995,53.99,42.25,56.59,47.05,24.73,33.96,1
20,829.1,0.0,14.54,0.0,0.03,21.05,0.16,0.0,11.41,0.15,0.0,0.0,0.0,0.0,2.96,0.16,0.0,0.12,0.0,1.24,0
118,1654.91,930.18,709.6999999999998,165.12,113.3,139.70000000000002,108.94,161.34,63.35000000000001,92.88,97.66,85.87,94.77,31.9,70.82,56.58,55.25,39.290000000000006,37.8,48.73,1
143,1886.56,903.25,780.58,140.66,94.96,123.55,80.89999999999998,106.01000000000002,77.28,65.07,68.71,66.02,63.85,49.55,62.75,50.0,59.5,53.16,36.51,35.73,1
308,1270.4600000000005,550.66,274.67,32.52,108.96,106.56000000000002,50.36,36.78,123.66,56.94,51.0,7.18,26.91,101.28,43.5,57.0,22.35,34.28,10.65,13.35,1
407,1738.44,951.02,929.4,119.17,115.49,110.65000000000002,74.81,68.13,79.72999999999998,102.12,80.27,56.61,47.55,31.66,61.48,56.76,42.37,35.97,21.86,32.01,1
138,1697.84,573.26,309.37,85.44,167.77999999999997,88.88999999999999,70.52,115.61,81.42999999999998,76.27000000000002,58.98,97.56,80.48,47.54,1.5699999999999998,61.26000000000001,55.91,35.160000000000004,21.83,23.33,1
194,1836.4700000000007,801.27,530.4099999999999,120.83,139.47000000000003,97.51,70.11,47.89000000000001,99.28,80.65,61.48,39.58,52.38,91.18,56.12,48.88,66.26,22.26,23.45,20.44,1
84,1538.0,0.0,18.02,0.0,0.0,35.06,0.13,0.0,16.47,0.31,0.0,0.06,0.0,0.02,1.78,0.28,0.0,0.49,0.0,0.04,0
267,1572.3100000000004,898.32,803.5100000000001,128.49,113.64,100.61,87.39999999999998,106.23,63.46000000000001,78.05,81.56,86.93,76.49,65.74000000000001,68.27000000000001,49.23,53.21,49.09,21.54,31.84,1
39,356.1,0.0,16.25,0.03,0.0,5.06,0.31,0.0,7.32,0.18,0.0,0.0,0.02,0.03,1.75,0.19,0.0,0.08,0.0,0.33,0
142,1333.62,637.11,917.69,146.54000000000005,112.14,100.26999999999998,70.71000000000002,54.73,87.98,50.19,66.08,62.24,40.42,153.14,59.68000000000001,72.97999999999998,52.49,34.35,47.87000000000001,22.61,1
327,1763.6799999999996,986.0,695.47,155.29000000000005,126.36,112.45000000000002,135.86999999999998,206.39,61.47,97.91,99.15,134.01,132.94,60.03,78.25999999999998,71.85,65.62,52.66,46.98,49.8,1
317,1678.91,1037.83,1032.31,178.57,146.03000000000003,106.63,110.99,105.63,69.23000000000002,78.85000000000002,102.08,95.45,101.84,67.87,70.58,68.32000000000001,70.23,42.42,58.49,36.54,1
294,2173.4800000000005,985.83,1223.38,222.03,194.7,100.4,113.52,38.74999999999999,106.85,70.59,114.59,26.42,65.9,155.09999999999997,79.67,61.89999999999999,109.85,28.14,52.75,30.45,1
208,1826.68,1112.83,747.4700000000001,130.96,131.27,131.48,113.25,158.35000000000005,60.68000000000001,83.89000000000001,92.31,109.13,92.47,39.15,71.46000000000002,65.45,64.16,49.69,48.23,45.06,1
424,1460.9,802.78,648.93,138.12,130.59,98.39,68.49000000000001,38.71999999999999,79.33,63.81,70.92,50.67,61.31,66.57,61.66,40.81,56.99,38.67000000000001,21.69,17.48,1
300,1601.6999999999996,883.01,748.9599999999997,117.27,120.9,116.54,98.85,122.69,60.17,86.12,84.6,69.38,61.22000000000001,32.46,63.18,52.49,62.95,51.71,21.07,39.06,1
108,1363.7399999999998,765.97,833.7799999999999,86.99,111.35,152.04999999999995,72.38,48.21,124.96,64.31,116.7,191.42,83.85,182.81,64.97,79.53,39.4,61.7,41.64,52.57,1
44,141.5,0.06,18.34,0.03,0.01,5.81,0.08,0.0,3.42,0.12,0.0,0.0,0.0,0.03,1.22,0.11,0.01,0.1,0.0,0.02,0
369,1524.87,834.21,677.66,112.58,122.11,120.86,86.26,64.88,91.48999999999998,97.6,82.01,59.81,71.37,43.33000000000001,66.35,53.43,58.53,51.27,25.33,27.51,1
163,1471.66,776.13,620.4399999999998,99.77,156.02,110.43,84.62,41.39,96.54,111.64,76.63,52.56,90.8,63.29999999999999,54.95,39.85,64.63,29.49,16.950000000000006,32.13,1
321,1624.05,1008.2,729.6400000000003,118.79,116.11,95.38999999999996,128.36,132.75000000000003,67.31,78.11000000000001,84.14,97.32,139.93,66.73,60.65,69.85,70.15,45.27,69.99,37.06,1
385,1420.88,735.25,606.48,62.51,136.62,123.5,72.19,25.05,133.3,73.41,82.58,61.07,106.59,141.92000000000004,57.52,74.86,41.64,42.42,33.75,32.82,1
412,1576.78,803.23,713.67,143.43,128.48999999999998,116.07,70.69999999999997,14.09,154.55,69.03,97.4,67.5,63.01,214.26,63.21000000000001,62.12000000000001,43.79,40.58000000000001,42.91,39.8,1
198,1763.16,975.44,822.8300000000003,148.72,115.76,103.33,87.48,89.75000000000001,84.44999999999997,85.63,91.0,84.3,80.1,59.07000000000001,71.42,59.22,56.68,47.08,32.129999999999995,30.46,1
172,1680.11,779.26,788.95,126.15,128.56,101.71,58.8,44.99,106.84,64.71,46.53,42.59,41.3,53.12000000000001,49.61,54.81,57.79,23.96,18.38,21.51,1
355,1738.5599999999995,886.74,598.97,114.61,103.48,119.48,114.65,180.72,39.7,80.71,84.61,83.35,88.30000000000003,39.35,59.46,55.78,56.13,44.53,44.54,54.22,1
422,1824.04,705.62,494.68,117.8,155.22000000000003,118.02,74.73,90.48,80.76,87.94999999999997,62.33,82.08,62.57,43.12,48.53,52.26,62.58,33.36,27.700000000000006,19.54,1
40,539.3,0.02,18.57,0.04,0.03,8.09,0.69,0.0,3.66,0.25,0.0,0.0,0.0,0.0,1.35,0.4,0.0,0.09,0.0,0.22,0
45,377.3,0.01,15.67,0.0,0.0,12.01,0.13,0.0,7.98,0.24,0.0,0.0,0.0,0.0,3.6,0.11,0.0,0.45,0.0,0.66,0
305,1970.92,1039.55,755.66,157.0,132.55,79.24,101.35,188.25,47.06999999999999,53.21,63.65,108.26,89.79,82.92,73.3,78.09,50.45,38.24,66.33,21.23,1
390,1676.13,784.04,485.98000000000013,127.99,163.29,73.38000000000002,65.04,22.11,109.41,72.75999999999998,35.92,19.72,18.7,78.83000000000001,61.96,57.89,43.18,19.73,16.53,16.16,1
227,998.2,790.59,698.9400000000003,83.22999999999998,131.7,80.91,74.89,127.37,57.96,42.6,39.35,106.29,110.02,43.56000000000001,56.56999999999999,72.08,76.73,37.66,18.46,29.72,1
329,1859.83,719.34,583.2299999999998,94.97,107.76,79.17,57.55,36.19,93.99,55.06,42.37,54.17,19.03,117.75,59.99,59.96,40.02,31.14,14.79,11.37,1
296,2150.39,921.21,889.8,130.03,102.52,97.03,102.15,83.17,81.17999999999998,78.22000000000001,81.89,123.22,103.34,59.71,60.34,68.59,64.72,37.51000000000001,30.95,35.01,1
293,1787.58,890.74,895.24,134.93,114.83,99.69,88.14999999999998,60.13,83.39999999999998,72.58000000000001,84.19,71.44,153.3,75.56000000000002,53.26,67.52,58.93,30.61,45.8,25.98,1
53,1088.0,0.0,19.87,0.0,0.02,28.43,0.15,0.0,17.69,0.21,0.0,0.0,0.03,0.0,3.06,0.12,0.03,0.88,0.0,4.37,0
126,1975.19,982.27,1065.65,141.85,180.23,116.83000000000004,104.33,87.10000000000002,75.62,107.84000000000002,91.72,63.48,66.74,75.12,82.97,60.79,65.78,59.79,32.74,33.38,1
268,1926.17,774.5500000000002,561.82,119.87,118.7,122.37,69.03999999999999,36.81,98.72,103.45000000000002,74.22,20.71,21.85,86.92,67.92,46.91,53.81,26.08,15.42,22.6,1
235,1400.58,731.63,402.54,120.85,75.41000000000003,72.94999999999997,45.34,90.33,74.64,46.04,51.24,49.98,33.16,49.85999999999999,63.06999999999999,36.56,39.08,33.94,10.13,16.46,1
401,1471.3100000000004,879.14,540.47,49.49,109.79,95.92,106.31,59.15000000000001,72.96000000000002,67.38,84.76,78.16,85.22,78.09,49.31999999999999,62.95,58.09,36.16,44.03,21.05,1
173,1905.81,640.39,749.72,156.47,137.19,68.57000000000001,98.7,24.8,149.31,69.48,70.48,27.73,38.790000000000006,149.86,65.65,65.85,43.43,0.52,43.42,17.02,1
50,345.6,0.0,20.4,0.03,0.03,12.21,0.07,0.0,4.8,0.14,0.0,0.0,0.0,0.0,2.23,0.23,0.0,0.37,0.0,2.75,0
328,1643.87,913.52,878.0200000000002,122.32,115.10000000000002,103.9,105.6,99.03000000000002,72.11000000000001,62.18,83.08,97.58,144.37,70.71000000000002,60.47000000000001,68.47,54.88,43.29,56.23,34.04,1
290,1824.11,576.51,449.51,104.43,137.9,114.49,63.23,39.31,102.94,80.9,49.08,14.25,21.67,79.39,23.51,29.31,56.94,24.56,23.880000000000006,17.43,1
196,1758.99,983.07,830.8900000000001,148.2,96.89,106.73,95.08,121.89,55.13,85.77000000000002,100.2,84.52,130.93,68.54,63.25,65.35,56.28,35.28,50.65,33.25,1
233,1597.0400000000004,768.56,743.6500000000002,139.49,165.93,112.18000000000002,73.05,73.21,82.74000000000002,76.83,68.47,72.21,66.06,48.66,52.16,43.72,59.99,43.37000000000001,23.96,19.46,1
334,1928.57,943.24,1158.09,134.96,155.67000000000004,97.17,105.71000000000002,33.01,120.71,80.49000000000002,79.08,61.91,127.86,72.37,64.11,67.51,61.22,39.24,41.55,23.69,1
273,1543.37,719.3,709.04,131.37,139.77,97.57,92.7,91.69,53.74,43.16,69.34,37.75,73.72,80.98,49.8,75.58,58.39,19.14,80.71000000000002,15.06,1
236,1923.64,710.9399999999998,540.71,120.68,88.73,82.47999999999998,69.47999999999999,53.11999999999999,80.16,50.45,52.88,46.33,32.5,49.77,62.08,39.46,49.69,30.6,17.59,19.05,1
94,1507.0,0.02,15.79,0.03,0.03,69.62,0.17,0.0,28.63,0.31,0.0,0.0,0.02,0.03,2.98,0.11,0.0,0.67,0.04,4.03,0
122,1826.53,932.58,645.25,129.93,122.98,119.32,94.11,116.92000000000002,70.29,92.75,78.78,88.68,49.21,61.15,59.23,60.92,60.77,47.65000000000001,36.83000000000001,31.47,1
28,396.9,0.02,20.23,0.0,0.0,14.21,0.3,0.0,9.07,0.27,0.0,0.0,0.0,0.0,1.98,0.07,0.0,0.08,0.0,0.01,0
365,1731.97,660.16,360.28999999999985,109.9,153.68,79.21000000000002,61.24,35.63,125.22,74.39,52.2,62.35,41.97,89.64999999999998,67.85,52.64,60.05,25.81,20.82,17.46,1
89,1559.0,0.02,16.77,0.0,0.01,45.93,0.06,0.0,28.03,0.43,0.0,0.0,0.0,0.0,5.15,0.12,0.0,1.36,0.0,3.58,0
71,1607.0,0.01,16.01,0.09,0.01,37.37,0.12,0.0,37.13,0.24,0.0,0.0,0.0,0.01,3.15,0.29,0.0,0.8,0.0,0.45,0
258,1824.56,1061.93,800.6,146.63,124.82,129.07000000000002,102.01,170.80999999999997,66.35999999999999,86.35,78.64,113.92,77.35,36.74,65.64,55.68,69.84,40.43,42.43,25.71,1
411,1652.9899999999998,886.0899999999998,742.3500000000001,117.99,132.37,78.09,84.95,32.15000000000001,87.02000000000002,95.77,63.5,44.76,51.40000000000001,65.47,69.43,43.85,51.76,52.37000000000001,18.55,21.75,1
111,1559.82,908.83,568.58,121.22,82.29000000000002,94.19,101.91,230.26,21.46,46.3,69.24,151.88,93.89,68.67,60.23,62.8,44.84,20.18,32.46,36.69,1
418,1891.63,1090.12,539.9200000000002,123.35,121.16,89.1,109.4,154.62,71.53999999999998,81.64999999999998,82.91,162.97,114.18,51.66,65.0,106.78,53.17,37.96,34.35,35.99,1
65,1263.0,0.03,13.94,0.03,0.04,23.77,0.4,0.0,13.82,0.38,0.0,0.0,0.0,0.01,0.71,0.24,0.03,0.0,0.03,0.0,0
423,1209.64,709.12,260.46,135.47,51.35,39.540000000000006,62.23,160.46999999999997,28.349999999999994,30.12,31.21,49.86,70.12,33.99,52.69,40.66,29.17,23.340000000000003,20.11,10.38,1
259,2032.47,808.48,813.6199999999999,127.0,108.55,105.34,83.34,73.09000000000002,76.49000000000002,65.58,77.06,49.91,46.87000000000001,78.22,63.14,61.17999999999999,48.17,32.32,30.57,27.09,1
52,562.1,0.0,22.22,0.0,0.01,24.37,0.03,0.0,15.55,0.08,0.0,0.0,0.0,0.0,2.88,0.05,0.05,0.24,0.0,1.21,0
125,1580.6899999999996,533.69,336.74,49.28,152.52000000000004,127.7,56.23000000000001,24.83,116.83,100.86,44.93,20.61,17.23,49.6,39.24,36.48,49.53,40.75,9.96,19.85,1
221,605.81,738.38,675.85,77.37,117.54999999999998,79.30000000000003,42.87,97.12,56.77000000000001,39.79,33.32,56.47,42.37,40.64,43.44,47.19,59.02,34.92,8.489999999999998,23.7,1
188,1901.12,970.17,1001.83,160.39,127.7,151.11999999999995,111.03,148.29999999999995,50.55,80.16999999999999,101.5,79.48,87.18,72.46999999999998,75.24000000000002,63.59,53.09,44.21,63.83,24.17,1
361,1532.3299999999995,757.57,769.96,134.03,121.77,135.84000000000003,60.93,31.06,142.03000000000003,52.85,92.22,84.6,64.31,247.79,56.36,81.58,39.98,49.46,33.4,40.05,1
371,1385.7599999999998,753.49,463.84,119.92000000000002,114.79,116.93,71.50999999999998,77.14,81.45,83.91999999999999,67.71,69.07,42.81,27.559999999999995,56.15000000000001,53.02,50.46,41.59,15.69,31.16,1
326,1719.3000000000004,809.8599999999999,622.8,131.07,113.87,93.04,70.92999999999998,36.93,81.68,71.53,68.36,48.81,50.22,64.14,55.10000000000001,38.85,55.04,37.86,17.23,21.21,1
205,1624.19,810.1700000000002,733.9499999999998,157.96,140.15,99.71999999999998,89.93,47.12,97.95,78.63,71.25,61.55,80.93,68.55,54.790000000000006,40.67,81.24,29.93,22.6,23.07,1
33,262.8,0.0,25.14,0.0,0.1,8.16,0.23,0.03,5.58,0.16,0.0,0.0,0.0,0.02,0.83,0.93,0.0,0.18,0.0,0.43,0
27,516.4,0.0,17.43,0.0,0.0,13.48,0.16,0.03,5.92,0.17,0.0,0.0,0.0,0.02,2.14,0.19,0.0,0.32,0.0,0.22,0
391,1787.7299999999998,689.82,607.73,123.8,163.88000000000005,71.01,79.60999999999999,48.27,78.35000000000002,43.12000000000001,57.01,94.08,80.24,58.63000000000001,52.3,66.69,44.96,25.98,33.22,12.35,1
152,1557.13,1011.79,612.01,113.92,103.88,129.41999999999996,101.37999999999998,161.33,58.81,83.99000000000002,94.09,107.74,85.14,54.38,61.67,62.7,50.36,42.41,35.2,46.68,1
168,1649.39,615.53,666.5400000000002,110.99,124.83,102.93,59.18,8.899999999999997,135.25,47.23,84.52,37.6,52.93,225.68,61.75,63.96,31.14,35.18,32.75,30.08,1
130,1708.77,853.0,662.3699999999999,92.27,129.20999999999998,128.07999999999998,86.95000000000002,84.71999999999998,91.47,93.15,91.45,84.25,54.17,92.08,68.04,68.68,57.59,34.92,30.69,27.06,1
120,1131.4800000000002,935.36,705.1199999999999,115.68,122.46,111.47,72.93,140.56,59.14,53.18,46.27,115.59,100.28,40.89,55.88,67.23,75.92,37.94,21.96,47.68,1
363,1730.7199999999998,1177.06,813.33,147.45,127.1,117.01,103.28,145.59999999999997,65.08,89.16000000000003,100.36,95.8,97.89,38.98,72.35,64.12,60.47,50.9,42.5,42.53,1
425,2124.09,840.9399999999998,316.86999999999995,109.02,121.67,75.76000000000002,71.93,60.53,123.83,76.31,53.09,102.16,67.39,105.85,60.52,73.97999999999998,51.04,23.340000000000003,21.43,20.31,1
95,1343.0,0.01,15.7,0.11,0.0,34.08,0.15,0.0,21.52,0.36,0.0,0.0,0.0,0.0,1.74,0.17,0.0,0.5,0.0,1.03,0
0,884.4,0.0,17.77,0.0,0.0,20.51,0.0,0.0,16.77,0.09,0.0,0.0,0.0,0.02,3.34,0.0,0.0,0.26,0.0,0.45,0
176,1518.61,885.14,705.6600000000002,127.46,122.25,145.07999999999996,83.42999999999998,89.11,83.84,93.31,91.77,61.34,60.77,63.98,71.28999999999998,49.22,46.79,52.38,22.82,34.12,1
282,1772.34,1118.03,613.1899999999998,133.27,113.63,96.19,102.06000000000002,111.14,108.3,100.43,83.9,93.82,106.63,51.93,69.58,95.18,58.92,33.59,27.53,38.88,1
62,303.4,0.03,21.41,0.0,0.0,9.47,0.12,0.0,3.03,0.32,0.0,0.11,0.0,0.04,1.14,1.36,0.0,0.53,0.0,0.43,0
214,1565.9499999999996,663.98,533.5500000000002,87.38,85.98,34.22000000000001,55.97000000000001,9.74,122.27,43.91,59.55,6.29,31.73,154.91,37.76,46.33,25.26,17.4,13.82,10.97,1
104,1840.2000000000005,623.28,494.42000000000013,136.03,178.79999999999995,101.78,66.86999999999999,73.53,98.88,73.22999999999998,62.68,35.43,62.78,112.58,43.36,38.39,66.68,20.22,39.7,15.77,1
206,1837.96,872.71,744.66,146.05,102.88,90.19,85.49999999999999,110.92,54.84,49.32,69.26,81.48,73.16,69.57000000000001,57.42,72.2,47.39,33.45,52.48,19.33,1
404,1594.1899999999996,866.9,572.9400000000003,128.18,90.5,120.47999999999998,79.17,94.02000000000002,78.1,75.4,75.19,43.91,52.23,77.00000000000001,58.86,49.98,51.1,31.06,28.28,34.43,1
137,1685.4300000000005,834.4,719.5,109.48,115.61,101.23,78.53999999999998,52.39,75.97999999999998,84.79,64.8,62.98,66.23,55.80999999999999,56.99,46.08,56.76,44.81,22.06,18.18,1
419,1616.27,683.53,370.63999999999993,125.98,114.95,86.83,52.10999999999999,50.59000000000001,107.48000000000002,60.35,62.68,102.59,55.94,102.33,55.86999999999999,56.36,56.85,28.67,26.72,18.86,1
260,1888.47,737.25,578.03,162.56,178.77,77.13000000000002,68.58,11.1,191.35,43.08,80.34,95.76,49.08,311.85,64.48,97.01,45.27,23.36,69.18,24.38,1
344,1566.62,942.86,890.7299999999998,124.02,113.33,108.93,97.34000000000002,97.63,63.36,87.64,91.3,93.24,73.78999999999998,47.74,69.24000000000001,75.36,53.93,32.07,31.97,27.79,1
215,1605.88,642.47,372.37,124.76,140.32,110.24000000000002,79.1,138.76,66.89,73.28,54.28,86.48,69.76,43.97,51.97,38.89,64.51,14.359999999999998,25.880000000000006,24.65,1
238,1690.57,889.75,846.9300000000003,122.84,116.0,101.27,95.48,113.43,55.23,61.19000000000001,86.8,99.21,70.82000000000002,71.97,71.3,63.38,61.2,39.42,65.64,31.38,1
67,354.0,0.02,17.36,0.0,0.03,8.43,0.14,0.0,3.4,0.21,0.0,0.13,0.0,0.03,1.28,0.54,0.04,0.21,0.0,0.39,0
3,232.8,0.0,17.12,0.03,0.0,6.64,0.43,0.0,4.13,0.27,0.01,0.0,0.02,0.02,1.5,0.05,0.0,0.16,0.0,0.0,0
48,489.4,0.0,18.12,0.05,0.01,18.17,0.1,0.0,10.44,0.33,0.0,0.0,0.01,0.01,3.47,0.33,0.0,0.27,0.0,1.12,0
127,1842.7200000000007,744.1899999999998,634.3399999999998,121.11,137.65,84.40000000000002,81.46000000000002,50.25,75.32000000000002,40.61,57.83,75.19,77.92,70.89,52.11,68.82,55.34,25.32,41.7,13.7,1
340,1639.1,675.04,441.41,115.75,145.35000000000005,87.49000000000002,64.72,76.01,84.00999999999998,68.25,53.06,86.71,97.74,48.09,40.48,48.95,54.84,21.54,22.74,18.74,1
335,1574.51,829.66,594.2599999999999,125.78,93.62,155.76,100.61,131.86,51.17,79.98,89.03,47.38,58.19,48.2,64.27000000000001,51.99,51.92,51.790000000000006,29.8,62.17,1
349,1535.25,806.49,529.5200000000002,104.11,120.8,95.95,77.92999999999998,76.43999999999998,78.53,69.25,60.81,65.41,36.6,33.69,57.19,49.48,47.11,35.07,18.03,26.01,1
386,1795.38,854.66,734.35,100.57,96.74,111.68999999999998,96.38,144.23,46.27000000000001,65.67,64.94,79.05,61.36,50.37,56.43000000000001,49.46,45.83,34.35,46.15000000000001,47.63,1
77,1635.0,0.0,15.82,0.03,0.0,49.39,0.31,0.0,32.13,0.3,0.0,0.0,0.0,0.0,5.07,0.07,0.03,0.99,0.0,0.73,0
375,1671.1,831.0600000000002,762.9300000000002,101.47,124.79999999999998,87.22999999999998,105.54,46.13,85.1,60.62,73.2,80.37,133.75,66.8,70.98,66.57,65.53,37.48,47.59,21.97,1
134,1669.84,905.18,829.5300000000002,121.57,139.12,93.8,88.64,72.13,71.57,72.89,73.19,89.78,66.63,65.26,57.47,75.39,48.21,45.94000000000001,34.800000000000004,33.62,1
223,1641.28,628.56,586.99,121.64,108.24,70.97000000000001,48.57,28.81,76.66,68.47999999999999,52.92,14.85,20.6,74.81,62.16,39.89,45.55,27.21,19.26,12.02,1
417,1778.53,1077.63,705.58,146.21,113.01000000000002,118.02000000000002,109.54,200.08,34.78,65.83,70.65,80.02,69.42,48.25,60.76000000000001,58.13,54.35,32.99,48.47,24.73,1
310,1836.37,865.8199999999998,673.02,82.86,127.7,103.64,82.00999999999998,40.06999999999999,122.07,91.83,70.99,26.75,87.56,71.05,0.8700000000000001,66.55000000000001,52.39,34.55,28.23,26.99,1
21,229.8,0.0,20.13,0.0,0.0,5.56,0.0,0.0,3.26,0.1,0.0,0.0,0.0,0.0,2.6,0.22,0.0,0.02,0.0,0.14,0
18,323.5,0.01,15.03,0.0,0.02,4.4,0.06,0.03,2.97,0.05,0.0,0.0,0.0,0.0,1.64,0.03,0.0,0.18,0.0,0.08,0
141,1625.93,1011.1,505.53,125.23,106.29999999999998,130.44,89.9,120.22,78.93,96.35,91.31,73.54,52.97,66.91,67.78,61.54,54.22,43.33,30.18,51.45,1
301,1610.38,890.75,667.15,110.79,109.87,158.77000000000004,81.04,115.27,100.41,89.71,97.96,112.51,81.77000000000002,97.09,61.38,59.9,56.8,57.2,38.19,44.6,1
379,1810.6,725.0,331.4,44.4,125.59,105.93,68.55999999999999,80.60999999999999,90.63,87.81,57.55,84.56,41.94,52.26,54.24,62.12,58.58,27.35,18.520000000000003,28.39,1
397,1389.0700000000004,726.66,787.5,132.51,119.15,80.54,81.31,40.0,91.04,49.17,62.96,63.32,116.1,63.69,51.33,50.6,53.27,24.28,30.91,20.39,1
90,1652.0,0.0,16.23,0.07,0.15,62.13,0.2,0.07,23.85,0.17,0.0,0.07,0.03,0.05,1.96,0.16,0.04,0.79,0.1,1.37,0
266,1658.98,900.79,976.21,129.74,96.61,121.73000000000002,105.55,177.81,37.68,79.06,95.5,64.56,89.24,63.33,68.42,65.91,55.18,39.22,52.73,22.11,1
167,1757.1,769.35,653.05,76.16,127.86,58.35999999999999,72.36000000000001,19.7,89.48000000000002,43.09,57.59,66.75,76.97999999999998,98.1,42.51,65.33,40.57,12.090000000000002,20.88,11.81,1
93,1983.0,0.01,17.47,0.06,0.0,41.78,0.0,0.0,28.14,0.13,0.0,0.0,0.0,0.0,2.88,0.09,0.0,0.76,0.0,1.54,0
192,1683.6699999999996,743.99,719.3500000000001,132.14,137.74,117.0,73.41,37.38,92.82,90.5,67.74,18.2,41.64,70.06,57.47,41.01,70.07,37.82,22.76,24.45,1
240,1475.63,742.29,520.46,80.56,134.91,105.29,63.78,31.83,108.15,87.2,55.55,55.93,42.17,52.67,51.4,38.44,47.2,33.16,16.1,27.33,1
226,1604.72,805.12,606.71,128.05,147.42999999999995,122.54000000000002,93.04,49.13,82.92000000000002,80.41000000000003,83.34,59.35,77.69,65.35,59.75,44.09,63.56,39.38,24.41,23.26,1
262,2068.33,1051.04,657.25,147.1,97.73,125.16,110.92,168.23,38.91,79.53,97.45,65.56,78.5,39.35,58.5,67.55,56.66,32.95,39.77,41.59,1
51,787.8,0.0,18.16,0.03,0.0,20.43,0.07,0.0,17.39,0.18,0.0,0.0,0.02,0.0,5.05,0.05,0.06,0.26,0.0,0.52,0
303,1361.9899999999998,667.98,368.76,86.92,114.46,128.1,74.75,48.50000000000001,105.73000000000002,63.07000000000001,74.34,12.43,41.12000000000001,158.68000000000004,49.69,57.81,34.09,35.33,29.32,22.33,1
229,1464.9199999999996,947.95,825.6,122.48,124.14,115.2,112.03,107.32,72.16,87.36,101.62,110.68,85.79,49.97,75.19,63.29,58.5,52.41,43.29,42.42,1
304,1769.32,888.0,648.6800000000002,72.78,113.75,109.70000000000002,88.91,109.22,83.7,90.76,86.42,83.24,57.62,72.97,67.28,69.01,62.1,32.92,29.43,19.62,1
347,1888.59,801.5999999999998,544.3100000000002,104.51,162.39,110.36,82.25,87.84,76.97,81.57000000000002,68.1,104.9,64.06,34.660000000000004,46.42999999999999,67.31,63.52,34.48,25.73,30.77,1
132,1243.63,681.36,722.37,104.39,106.05,78.03999999999998,88.4,92.19,32.14999999999999,51.76,58.11,70.22,58.45,95.48,61.7,72.07,44.15,32.690000000000005,36.34,12.51,1
195,1863.63,1079.25,461.32,131.37,119.02,134.36,100.57,150.07999999999996,91.07,129.26,92.19,120.07,63.18,34.660000000000004,74.91,58.22,72.08,44.67,24.74,44.76,1
174,1603.47,761.01,773.21,129.66,135.96,91.09,64.47,7.94,165.05,44.08,84.81,59.15,66.75,303.47,54.05,88.38,36.32,45.03,35.28,34.04,1
124,1134.19,701.39,350.68,127.96,43.3,64.53999999999999,74.29,257.18,25.52,39.36,66.9,60.95,36.52,45.86000000000001,71.85000000000002,22.81,32.52,47.47,18.700000000000006,17.45,1
213,1277.34,704.59,816.62,103.14,116.61,92.58999999999996,89.82,92.06,33.36,59.91,76.71,61.65,64.58,87.15,65.03999999999999,59.7,45.26,37.56999999999999,37.13,16.39,1
406,2138.67,804.87,547.3300000000002,180.69,267.31,81.8,91.62,58.91,139.23999999999998,72.06000000000002,85.83,48.1,31.09,95.53,65.63,96.65,87.05,13.42,65.14,17.59,1
218,1471.8900000000006,753.1,620.2200000000001,149.9,119.9,112.1,67.23,43.59,85.0,68.02,71.53,38.05,51.87,68.24,56.59,44.82,55.97,32.98,21.18,23.58,1
98,443.8,0.0,18.08,0.0,0.02,7.89,0.21,0.0,4.48,0.21,0.0,0.0,0.0,0.01,2.38,0.2,0.0,0.06,0.0,0.4,0
351,1435.0700000000004,608.25,556.04,85.50999999999998,136.02,71.85,71.18,31.39,78.26,64.85,41.98,61.16,32.08,68.36999999999999,61.09,71.21000000000002,42.3,32.510000000000005,24.32,7.86,1
15,217.6,0.0,18.37,0.0,0.0,6.35,0.0,0.0,5.01,0.26,0.0,0.0,0.0,0.01,2.44,0.32,0.0,0.26,0.0,0.27,0
288,1449.72,498.19,314.67,54.41,141.72,83.83,51.08,21.91,129.37,76.39999999999998,52.88,48.52,70.47,65.54,6.55,42.32,54.74,22.32,15.2,16.85,1
19,478.0,0.01,19.22,0.0,0.0,11.87,0.04,0.0,6.53,0.28,0.0,0.0,0.0,0.02,2.68,0.2,0.0,0.11,0.0,1.02,0
342,1885.44,978.88,892.48,133.37,122.38,131.82,113.14,122.62,73.99000000000002,100.36,96.26,103.26,151.81,41.79999999999999,66.42,56.8,71.95,53.81,32.28,42.25,1
135,1383.25,754.81,274.55,167.76,51.43000000000001,44.87,71.06,255.28000000000003,20.47,33.17,40.13,86.01,55.63,40.84,59.97,57.65,37.71,25.28,28.9,7.43,1
359,1850.12,838.42,476.63000000000005,106.47,147.64,84.59,70.88,36.67999999999999,85.05000000000003,77.57000000000002,61.51,95.11,104.57,83.27000000000002,53.59,78.02,57.22,24.01,27.98,19.21,1
392,1547.7800000000002,706.73,485.9,95.18,141.99999999999997,124.35,62.41,54.14,149.88,51.14000000000001,86.53,225.24,90.93,203.67,49.68000000000001,109.87,45.12,34.919999999999995,42.89,32.62,1
383,1676.0,977.36,665.4600000000003,139.22,117.08,107.69,86.19000000000003,102.97,73.87,89.40999999999998,103.18,81.65,78.92999999999998,76.4,70.04,51.35,57.56,48.27,27.86,31.34,1
116,1423.8000000000004,564.7,381.1,75.84,129.66000000000003,76.28999999999998,70.91,39.7,101.73,84.44999999999997,47.62,21.78,26.72,94.38,61.48,59.34,35.16,37.31,27.09,9.39,1
66,2008.0,0.0,16.94,0.21,0.0,42.26,0.1,0.0,36.03,0.15,0.02,0.0,0.0,0.0,2.38,0.04,0.0,0.68,0.01,0.37,0
26,512.4,0.0,19.22,0.0,0.04,13.17,0.12,0.0,7.43,0.05,0.0,0.0,0.0,0.0,2.24,0.4,0.0,0.02,0.05,0.0,0
102,1560.6699999999996,582.86,324.28,19.19,149.76000000000005,111.52,59.89,71.03000000000002,94.98,125.4,51.61,48.33,47.42,50.72,46.75,45.55,63.13,14.0,8.18,18.77,1
320,1731.95,606.6,518.09,100.72,112.93,108.06,67.39,48.59,85.16,59.10000000000001,61.03,68.36,39.43,81.41,57.89,56.15,40.28,34.46,25.22,13.43,1
123,244.41,236.12,667.6600000000002,15.39,52.45000000000001,20.12,13.4,18.3,14.9,24.24,6.08,12.41,6.49,9.91,14.759999999999998,18.08,6.28,4.799999999999999,5.98,9.91,1
364,1527.9999999999998,840.14,697.0100000000001,141.34,139.46,95.21,68.76,19.48,140.78999999999996,46.5,97.96,116.75,79.53,260.77,59.49000000000001,94.53,39.44,48.55,47.40000000000001,36.14,1
207,1537.0299999999993,897.45,732.1300000000001,132.2,106.92,93.24,71.44,41.8,76.95999999999998,115.72,72.95,32.75,37.62,66.96,75.49000000000002,42.84,50.69,52.46,13.46,24.91,1
378,1491.64,757.06,524.34,90.33,121.96,124.49000000000002,73.65,104.04,80.82,80.91000000000003,68.15,82.66,51.76,41.6,63.88,49.19,49.96,41.56,19.73,34.14,1
393,1581.61,670.67,565.53,102.23,118.9,82.42,84.36000000000001,77.31,55.17999999999999,98.73,58.48,43.25,33.55,69.35,56.19,82.18,47.32,44.74999999999999,32.03,19.67,1
325,1319.53,471.62,487.58999999999986,75.61,125.38,93.38,62.63,23.6,143.32,126.26,57.16,31.72,15.84,55.29,26.65,22.79,56.64,48.46,15.739999999999998,34.3,1
35,1042.0,0.01,19.03,0.04,0.0,19.07,0.19,0.0,14.93,0.14,0.0,0.0,0.0,0.0,3.1,0.03,0.0,0.56,0.0,0.73,0
216,1558.89,854.1400000000001,703.05,109.48,123.49,120.69,88.24999999999999,94.03999999999998,68.85,83.42,81.68,69.2,56.67,37.9,55.87000000000001,50.94,60.34,46.03,21.34,32.26,1
256,1394.21,907.82,615.4900000000001,92.1,108.47,80.36999999999998,78.49000000000002,24.15,85.47,50.42,107.54,108.62,96.12,159.84,48.8,88.59,34.73,40.45,50.84,27.54,1
175,920.16,439.07000000000005,452.06,129.54,52.38999999999999,40.290000000000006,37.28,80.27999999999999,26.32,18.16,26.99,46.21,27.44,57.5,59.74,38.59,30.13,21.82,15.25,6.95,1
79,823.9,0.0,14.95,0.0,0.01,39.26,0.3,0.0,19.87,0.38,0.0,0.0,0.0,0.01,8.48,0.13,0.0,1.13,0.0,0.2,0
113,1588.4899999999998,975.34,568.0500000000002,122.83,90.78,80.71000000000002,116.8,189.94000000000003,25.3,41.28,67.78,180.48,115.41,83.69000000000003,54.66,85.85,48.97,31.86,40.79,21.85,1
291,1816.36,1109.46,764.9699999999998,136.98000000000002,119.5,114.11,108.68,181.99,56.7,82.92999999999998,81.01,119.42,83.51,70.03,73.32,85.72999999999998,59.14,48.23,40.62,40.99,1
415,1400.9499999999996,751.72,596.85,100.97,96.2,161.47000000000006,74.42,72.21,109.72,95.33,90.72,83.06,70.52,99.29,60.9,59.14,42.45,58.52,22.08,66.57,1
178,1695.45,515.22,281.51,60.53,155.32999999999996,130.23000000000002,50.59,48.76,101.23,91.9,41.78,56.51,20.24,29.84,45.14,40.27,49.48,29.860000000000007,9.5,25.26,1
166,1719.55,1120.16,917.8,123.87,104.0,105.03,101.21,119.05,60.99,87.47,110.69,88.68,106.83,69.08,60.98,70.69,53.49,41.42,51.68,34.9,1
389,2173.55,789.25,268.25,121.7,215.38000000000008,52.59999999999999,58.87,25.01,130.45,100.64,21.85,26.99,7.439999999999999,67.33,76.03999999999998,79.78999999999998,53.19,16.889999999999993,13.78,13.45,1
107,1940.66,1035.66,766.91,164.02,111.57000000000002,112.01,113.39,152.98000000000005,60.97000000000001,96.55,97.02,136.32,63.81,55.16,80.49000000000002,69.25,71.52,54.09,48.6,37.18,1
331,1507.92,915.59,661.6199999999999,135.01,126.54,116.98,95.03,115.21,59.10000000000001,88.22000000000001,84.97,79.69,72.83,40.47,62.58000000000001,54.76,53.41,53.14,22.42,30.09,1
222,1652.3200000000004,939.02,691.7700000000002,115.23,114.36,129.20999999999998,97.07,122.53000000000002,67.0,65.5,62.83,89.61,84.12,70.36000000000001,65.88,52.15,66.28,40.48,16.6,34.48,1
81,431.8,0.02,19.95,0.0,0.0,7.5,0.17,0.0,2.65,0.27,0.01,0.0,0.0,0.01,0.99,0.35,0.0,0.32,0.0,0.53,0
362,1983.72,727.4200000000002,383.38,118.9,125.73,91.08,61.1,26.15,121.32,71.95,56.45,29.39,78.36,76.06,53.01,47.62000000000001,63.51,18.090000000000003,20.39,15.67,1
1,515.5,0.0,18.31,0.0,0.0,13.06,0.07,0.0,10.68,0.15,0.0,0.0,0.03,0.01,2.13,0.22,0.0,0.03,0.02,0.02,0
353,1648.67,1004.56,633.2199999999998,130.67000000000002,125.23,89.03,82.81,78.61,86.66,55.0,70.9,80.62,56.31999999999999,77.88,62.95,70.69,49.71,37.17,26.2,25.91,1
75,544.4,0.01,14.83,0.0,0.0,9.27,0.37,0.0,6.62,0.29,0.0,0.0,0.0,0.03,1.22,0.36,0.0,0.11,0.0,0.02,0
299,1579.08,924.94,589.56,122.61,119.18999999999996,124.84,86.33000000000001,79.63000000000002,84.75999999999998,96.22,85.11,60.66,41.01,55.05,63.60000000000001,55.5,64.18,39.1,23.56,35.22,1
128,1207.39,573.44,472.83,76.49000000000002,108.34,85.27999999999999,48.99,99.94,61.13999999999999,39.03,22.92,50.88,29.31,50.37000000000001,39.14,67.0,25.57,18.26,26.39,22.6,1
298,1540.15,656.5799999999998,367.3,80.52,134.54,90.54,81.5,152.10000000000005,72.61999999999998,60.59,58.0,117.97,144.44,33.13,1.61,58.77,60.91,23.21,23.43,27.28,1
153,1585.93,710.0600000000002,410.38999999999993,110.21,112.01999999999998,59.87000000000001,83.94,87.33999999999997,56.56,60.85,35.54,62.23,36.48,45.92,57.81,99.32,44.94,37.18,39.99,22.84,1
261,1581.44,1027.9,804.02,119.71,106.09000000000002,114.81000000000002,135.75,174.9,31.64,72.65,103.95,110.91,131.23,53.34,62.91,69.73,53.86,38.22,44.43,37.87,1
245,1748.77,944.07,647.59,151.09,112.4,128.58,95.27,161.78,54.68,89.2,91.18,79.5,66.21,52.54,71.09,58.1,64.89,43.39,43.33,36.7,1
275,1671.51,1293.56,781.93,121.07,103.43,101.23000000000002,132.79000000000002,199.25000000000003,39.17,84.33,91.57,179.46,90.54,44.59,59.76000000000001,88.64,48.98,38.37,46.17,50.41,1
146,1504.12,697.0,577.31,164.39,75.08999999999997,63.290000000000006,61.66,98.01,50.12,42.5,57.74,42.5,41.44,72.75,77.17,41.27,37.68,40.53,25.45,13.03,1
179,1834.96,590.7,444.29,116.52,184.31,123.09,66.76,22.16,135.45,85.86,64.38,37.05,21.31,82.96,56.21,59.17999999999999,69.5,31.290000000000006,20.28,17.1,1
23,310.1,0.0,16.46,0.0,0.0,6.67,0.08,0.04,4.41,0.18,0.0,0.0,0.0,0.0,3.07,0.34,0.0,0.27,0.03,1.42,0
277,1455.4899999999998,577.16,336.76,8.49,148.45000000000005,105.24999999999996,57.82,47.36,96.56,108.69,49.1,41.72,32.93,25.76,47.99,42.25,61.21,15.03,7.1000000000000005,17.09,1
92,2052.0,0.0,17.0,0.07,0.0,52.11,0.05,0.0,25.91,0.11,0.0,0.0,0.01,0.0,2.36,0.23,0.0,0.97,0.0,1.11,0
72,546.6,0.01,15.92,0.0,0.0,16.48,0.13,0.0,18.31,0.31,0.0,0.05,0.0,0.0,4.12,0.13,0.0,0.84,0.0,0.16,0
