,HMGA1,LIN28A,TERF1,ZFP42,ZSCAN10,HMGA2,SALL4,OTX2,ETV4,NR6A1,LIN28B,HES3,ZIC3,NANOG,ZNF93,FOXH1,MYCN,ZNF730,PRDM14,SOX11
193,1787.58,890.74,895.24,134.93,114.83,99.69,88.14999999999998,60.13,83.39999999999998,72.58000000000001,84.19,71.44,153.3,75.56000000000002,53.26,67.52,58.93,30.61,45.8,25.98
176,1571.65,654.7,700.1500000000002,115.96,153.36,125.43,66.66,8.87,178.51,55.95,89.78,49.42,51.41,271.87,72.10000000000002,74.58,37.23,56.73,24.91,38.04
204,1769.32,888.0,648.6800000000002,72.78,113.75,109.70000000000002,88.91,109.22,83.7,90.76,86.42,83.24,57.62,72.97,67.28,69.01,62.1,32.92,29.43,19.62
322,1824.04,705.62,494.68,117.8,155.22000000000003,118.02,74.73,90.48,80.76,87.94999999999997,62.33,82.08,62.57,43.12,48.53,52.26,62.58,33.36,27.700000000000006,19.54
49,1669.53,935.98,958.37,157.64,133.97,142.70000000000005,82.03,82.36999999999998,84.35000000000002,112.81,86.74,60.56,58.85,72.02,68.7,49.15,70.49,40.84,27.26,32.88
259,1850.12,838.42,476.63000000000005,106.47,147.64,84.59,70.88,36.67999999999999,85.05000000000003,77.57000000000002,61.51,95.11,104.57,83.27000000000002,53.59,78.02,57.22,24.01,27.98,19.21
8,1363.7399999999998,765.97,833.7799999999999,86.99,111.35,152.04999999999995,72.38,48.21,124.96,64.31,116.7,191.42,83.85,182.81,64.97,79.53,39.4,61.7,41.64,52.57
231,1507.92,915.59,661.6199999999999,135.01,126.54,116.98,95.03,115.21,59.10000000000001,88.22000000000001,84.97,79.69,72.83,40.47,62.58000000000001,54.76,53.41,53.14,22.42,30.09
251,1435.0700000000004,608.25,556.04,85.50999999999998,136.02,71.85,71.18,31.39,78.26,64.85,41.98,61.16,32.08,68.36999999999999,61.09,71.21000000000002,42.3,32.510000000000005,24.32,7.86
178,1419.71,575.74,410.12,68.21,148.63,141.77999999999997,74.82000000000002,40.0,95.07,110.97,72.36,43.33,20.3,56.56999999999999,49.34,34.8,62.8,37.03,9.77,40.65
288,852.75,571.24,459.19000000000005,67.67999999999999,128.13000000000002,59.09,41.71,82.38000000000002,53.33,35.85,21.26,47.61,21.05,36.040000000000006,41.03,57.79,27.39,16.75,12.04,16.45
160,1888.47,737.25,578.03,162.56,178.77,77.13000000000002,68.58,11.1,191.35,43.08,80.34,95.76,49.08,311.85,64.48,97.01,45.27,23.36,69.18,24.38
158,1824.56,1061.93,800.6,146.63,124.82,129.07000000000002,102.01,170.80999999999997,66.35999999999999,86.35,78.64,113.92,77.35,36.74,65.64,55.68,69.84,40.43,42.43,25.71
68,1649.39,615.53,666.5400000000002,110.99,124.83,102.93,59.18,8.899999999999997,135.25,47.23,84.52,37.6,52.93,225.68,61.75,63.96,31.14,35.18,32.75,30.08
113,1277.34,704.59,816.62,103.14,116.61,92.58999999999996,89.82,92.06,33.36,59.91,76.71,61.65,64.58,87.15,65.03999999999999,59.7,45.26,37.56999999999999,37.13,16.39
23,244.41,236.12,667.6600000000002,15.39,52.45000000000001,20.12,13.4,18.3,14.9,24.24,6.08,12.41,6.49,9.91,14.759999999999998,18.08,6.28,4.799999999999999,5.98,9.91
85,1707.87,957.51,1078.4500000000003,154.65,114.19,94.28,95.90000000000002,156.40999999999997,44.38,65.45,93.15,54.53,100.56,58.61,64.69,94.58,51.62,36.27,56.21,31.64
74,1603.47,761.01,773.21,129.66,135.96,91.09,64.47,7.94,165.05,44.08,84.81,59.15,66.75,303.47,54.05,88.38,36.32,45.03,35.28,34.04
252,1622.7,658.85,534.34,84.11,172.95999999999995,83.59,79.67000000000002,60.95,81.97999999999998,84.73,80.13,107.38,111.16,72.41,58.540000000000006,60.73,57.96,41.69,34.7,25.78
275,1671.1,831.0600000000002,762.9300000000002,101.47,124.79999999999998,87.22999999999998,105.54,46.13,85.1,60.62,73.2,80.37,133.75,66.8,70.98,66.57,65.53,37.48,47.59,21.97
81,1574.85,716.0,393.69,103.31,78.53000000000002,75.59,71.71000000000002,101.87,64.61,68.29999999999998,53.2,55.25,37.14,42.38,58.94,42.98,50.88,30.4,17.57,22.38
315,1400.9499999999996,751.72,596.85,100.97,96.2,161.47000000000006,74.42,72.21,109.72,95.33,90.72,83.06,70.52,99.29,60.9,59.14,42.45,58.52,22.08,66.57
128,1611.57,719.8399999999998,305.1,72.9,97.64,150.57,87.0,76.96,110.41,95.17,86.56,32.61,28.06,81.05000000000003,63.71000000000001,43.39,52.18,48.68,12.77,51.37
179,1791.45,857.56,686.73,158.01,130.79,106.43,84.44,99.87,81.18,88.47999999999998,70.83,54.66,61.79,56.66,56.51,43.98,73.05,0.2,22.66,33.03
157,1550.54,853.59,712.5000000000001,114.8,83.15,137.42,112.07,186.98,35.35,78.25,95.98,89.35,68.28,77.05000000000003,69.94,52.7,50.87,47.12,34.07,19.48
115,1605.88,642.47,372.37,124.76,140.32,110.24000000000002,79.1,138.76,66.89,73.28,54.28,86.48,69.76,43.97,51.97,38.89,64.51,14.359999999999998,25.880000000000006,24.65
272,1578.58,849.1700000000002,765.5400000000002,47.5,122.28000000000002,116.48,82.23999999999998,68.22,79.67999999999998,92.06000000000002,74.63,44.2,66.74000000000001,43.13,56.84,52.75,47.24,49.0,25.790000000000006,19.2
144,1760.35,750.33,551.0799999999998,127.22,136.87,81.30000000000003,97.15,137.77,85.9,70.72,63.73,81.1,67.58,68.7,108.42,58.64,76.39,34.370000000000005,31.4,22.77
58,1537.8700000000006,1201.17,840.87,141.51999999999995,155.55,116.03,151.75,225.65,44.44,61.06,103.45,165.83,140.12,48.73,82.09,90.32,62.25,53.35,83.15,42.36
105,1624.19,810.1700000000002,733.9499999999998,157.96,140.15,99.71999999999998,89.93,47.12,97.95,78.63,71.25,61.55,80.93,68.55,54.790000000000006,40.67,81.24,29.93,22.6,23.07
305,2050.29,865.23,710.7699999999999,197.43,238.27,83.81000000000002,90.16,33.64,129.76000000000002,53.51,73.79,59.71,73.33,111.32,56.43000000000001,84.11,105.04,17.16,44.84,16.84
216,1684.3300000000004,958.46,760.8300000000003,132.57999999999998,132.94,86.76000000000002,99.0,95.36,74.53,67.6,86.34,91.55,80.61,70.89999999999998,71.96000000000002,75.62,49.81,56.540000000000006,28.94,22.39
225,1319.53,471.62,487.58999999999986,75.61,125.38,93.38,62.63,23.6,143.32,126.26,57.16,31.72,15.84,55.29,26.65,22.79,56.64,48.46,15.739999999999998,34.3
282,968.4,904.38,427.91,182.49,42.29999999999999,56.3,52.6,245.1,15.21,17.4,46.18,47.21,45.50999999999999,29.77,59.28,29.9,27.15,30.78,18.53,9.0
323,1209.64,709.12,260.46,135.47,51.35,39.540000000000006,62.23,160.46999999999997,28.349999999999994,30.12,31.21,49.86,70.12,33.99,52.69,40.66,29.17,23.340000000000003,20.11,10.38
27,1842.7200000000007,744.1899999999998,634.3399999999998,121.11,137.65,84.40000000000002,81.46000000000002,50.25,75.32000000000002,40.61,57.83,75.19,77.92,70.89,52.11,68.82,55.34,25.32,41.7,13.7
91,1683.1699999999996,879.94,508.22,112.98,113.02,149.72,104.58,122.19,61.80999999999999,110.91,88.01,92.32,48.28,37.04,67.9,51.75,53.81,51.2,29.16,57.36
307,1738.44,951.02,929.4,119.17,115.49,110.65000000000002,74.81,68.13,79.72999999999998,102.12,80.27,56.61,47.55,31.66,61.48,56.76,42.37,35.97,21.86,32.01
285,1420.88,735.25,606.48,62.51,136.62,123.5,72.19,25.05,133.3,73.41,82.58,61.07,106.59,141.92000000000004,57.52,74.86,41.64,42.42,33.75,32.82
244,1566.62,942.86,890.7299999999998,124.02,113.33,108.93,97.34000000000002,97.63,63.36,87.64,91.3,93.24,73.78999999999998,47.74,69.24000000000001,75.36,53.93,32.07,31.97,27.79
26,1975.19,982.27,1065.65,141.85,180.23,116.83000000000004,104.33,87.10000000000002,75.62,107.84000000000002,91.72,63.48,66.74,75.12,82.97,60.79,65.78,59.79,32.74,33.38
180,1633.9,761.3299999999998,634.1099999999999,77.2,171.27,162.57,69.39,51.19000000000001,106.36,118.94,63.16,24.64,26.08,42.24,51.92,37.22,61.75,49.12,13.44,29.46
203,1361.9899999999998,667.98,368.76,86.92,114.46,128.1,74.75,48.50000000000001,105.73000000000002,63.07000000000001,74.34,12.43,41.12000000000001,158.68000000000004,49.69,57.81,34.09,35.33,29.32,22.33
208,1270.4600000000005,550.66,274.67,32.52,108.96,106.56000000000002,50.36,36.78,123.66,56.94,51.0,7.18,26.91,101.28,43.5,57.0,22.35,34.28,10.65,13.35
136,1923.64,710.9399999999998,540.71,120.68,88.73,82.47999999999998,69.47999999999999,53.11999999999999,80.16,50.45,52.88,46.33,32.5,49.77,62.08,39.46,49.69,30.6,17.59,19.05
268,1784.76,935.4,664.4799999999998,116.29,102.3,144.60000000000005,136.03,210.61,34.17,125.51,103.75,89.29,70.11,50.13,58.25,47.36,55.48,39.34,40.82,53.85
20,1131.4800000000002,935.36,705.1199999999999,115.68,122.46,111.47,72.93,140.56,59.14,53.18,46.27,115.59,100.28,40.89,55.88,67.23,75.92,37.94,21.96,47.68
126,1604.72,805.12,606.71,128.05,147.42999999999995,122.54000000000002,93.04,49.13,82.92000000000002,80.41000000000003,83.34,59.35,77.69,65.35,59.75,44.09,63.56,39.38,24.41,23.26
223,1729.67,986.25,774.9499999999998,139.33,118.66,108.86,115.76000000000002,137.29999999999998,58.16,85.21000000000002,93.65,112.78,81.41,52.90000000000001,75.88,69.21,69.71,56.2,52.13,35.78
103,1600.28,1053.3,551.76,117.24,101.25,116.13,101.89,214.63,52.06999999999999,60.85,87.58,152.97,126.38,35.61000000000001,58.1,74.47,51.45,43.58,30.32,48.54
313,1738.3199999999995,843.9,733.05,127.66,107.47,112.99,78.75,107.26,60.88,73.29,69.05,83.74,61.27,41.290000000000006,53.3,61.57,64.35,33.75,26.26,34.95
212,1513.15,860.8399999999998,482.48000000000013,106.99,141.34,114.34999999999998,79.06,102.36,80.45,82.49,76.03,87.81,69.08,50.21000000000001,53.3,59.15,57.14,34.38999999999999,20.86,33.98
274,1543.7199999999998,838.7800000000002,778.7900000000003,103.9,89.79,138.57,98.52,182.65000000000003,33.02,82.96000000000002,95.07,74.33,87.44999999999997,55.35,62.84,64.55,53.78,43.61000000000001,46.1,29.83
45,1237.0200000000002,570.1,765.72,118.61,124.04,116.35,69.47,31.559999999999995,120.11,47.36,81.59,102.03,59.12,267.05,62.56999999999999,107.4,40.12,47.25,58.96,36.56
118,1471.8900000000006,753.1,620.2200000000001,149.9,119.9,112.1,67.23,43.59,85.0,68.02,71.53,38.05,51.87,68.24,56.59,44.82,55.97,32.98,21.18,23.58
155,1711.26,961.16,789.79,140.16,118.46,137.46,97.42,129.57000000000002,65.78999999999999,83.26,93.93,117.58,110.09,63.12,63.98,63.2,66.88,40.06,48.08000000000001,35.28
209,1851.46,1020.37,867.8100000000002,131.41,146.48,111.82999999999998,113.99,70.37,86.12,94.32,91.6,114.04,112.69,61.73,70.37,74.09,54.9,58.46,45.61,30.26
213,1340.1599999999996,687.05,543.59,112.2,138.64,119.18999999999998,63.32,33.33,131.3,65.15,88.05,107.5,71.84,116.6,44.18,73.73,38.18,42.28,42.99,36.34
59,1754.3200000000004,987.91,779.7400000000001,137.22,98.81,142.67000000000004,128.19,198.96,35.44,113.22,108.17,111.81,89.85,93.46,67.25,60.90000000000001,56.55,42.25,55.38,43.19
56,1783.5400000000004,501.25,267.05999999999995,64.97999999999999,90.31,148.93,59.88,37.02,129.19,93.07,63.19,33.81,24.53,52.87,52.79,44.19,40.4,47.27,13.3,56.49
